-- MySQL Script generated by MySQL Workbench
-- Wed Sep 17 11:26:01 2014
-- Model: New Model    Version: 1.0
SET @OLD_UNIQUE_CHECKS=@@UNIQUE_CHECKS, UNIQUE_CHECKS=0;
SET @OLD_FOREIGN_KEY_CHECKS=@@FOREIGN_KEY_CHECKS, FOREIGN_KEY_CHECKS=0;
SET @OLD_SQL_MODE=@@SQL_MODE, SQL_MODE='TRADITIONAL,ALLOW_INVALID_DATES';

-- -----------------------------------------------------
-- Schema OREGONASK
-- -----------------------------------------------------
CREATE SCHEMA IF NOT EXISTS `OREGONASK` DEFAULT CHARACTER SET utf8 COLLATE utf8_general_ci ;
USE `OREGONASK` ;

-- -----------------------------------------------------
-- Table `OREGONASK`.`provider`
-- -----------------------------------------------------
DROP TABLE IF EXISTS `OREGONASK`.`provider` ;

CREATE TABLE IF NOT EXISTS `OREGONASK`.`provider` (
  `PROVIDER_ID` INT(10) UNSIGNED NOT NULL AUTO_INCREMENT,
  `PROVIDER_NAME` VARCHAR(45) NOT NULL,
  `PROVIDER_STREET` VARCHAR(45) NOT NULL,
  `PROVIDER_CITY` VARCHAR(45) NOT NULL,
  `PROVIDER_STATE` VARCHAR(2) NOT NULL,
  `PROVIDER_ZIP` VARCHAR(5) NOT NULL,
  `PROVIDER_PHONE` VARCHAR(10) NOT NULL,
  PRIMARY KEY (`PROVIDER_ID`),
  UNIQUE INDEX `PROVIDER_NAME_UNIQUE` (`PROVIDER_NAME` ASC))
ENGINE = InnoDB;


-- -----------------------------------------------------
-- Table `OREGONASK`.`contact`
-- -----------------------------------------------------
DROP TABLE IF EXISTS `OREGONASK`.`contact` ;

CREATE TABLE IF NOT EXISTS `OREGONASK`.`contact` (
  `CONTACT_ID` INT(10) UNSIGNED NOT NULL AUTO_INCREMENT,
  `CONTACT_FIRST_NAME` VARCHAR(45) NOT NULL,
  `CONTACT_LAST_NAME` VARCHAR(45) NOT NULL,
  `CONTACT_STREET` VARCHAR(45) NOT NULL,
  `CONTACT_CITY` VARCHAR(45) NOT NULL,
  `CONTACT_STATE` VARCHAR(2) NOT NULL,
  `CONTACT_ZIP` VARCHAR(5) NOT NULL,
  `CONTACT_EMAIL` VARCHAR(100) NOT NULL,
  `CONTACT_PHONE` VARCHAR(10) NOT NULL,
  PRIMARY KEY (`CONTACT_ID`),
  UNIQUE INDEX `CONTACT_EMAIL_UNIQUE` (`CONTACT_EMAIL` ASC))
ENGINE = InnoDB;


-- -----------------------------------------------------
-- Table `OREGONASK`.`ethnicity`
-- -----------------------------------------------------
DROP TABLE IF EXISTS `OREGONASK`.`ethnicity` ;

CREATE TABLE IF NOT EXISTS `OREGONASK`.`ethnicity` (
  `ETHNICITY_ID` INT(10) UNSIGNED NOT NULL AUTO_INCREMENT,
  `ETHNICITY_CATEGORY` VARCHAR(45) NOT NULL,
  PRIMARY KEY (`ETHNICITY_ID`))
ENGINE = InnoDB;


-- -----------------------------------------------------
-- Table `OREGONASK`.`education_service_district`
-- -----------------------------------------------------
DROP TABLE IF EXISTS `OREGONASK`.`education_service_district` ;

CREATE TABLE IF NOT EXISTS `OREGONASK`.`education_service_district` (
  `EDUCATION_SERVICE_DISTRICT_ID` INT(10) UNSIGNED NOT NULL AUTO_INCREMENT,
  `EDUCATION_SERVICE_DISTRICT_NAME` VARCHAR(45) NOT NULL,
  PRIMARY KEY (`EDUCATION_SERVICE_DISTRICT_ID`),
  UNIQUE INDEX `EDUCATION_SERVICE_DISTRICT_NAME_UNIQUE` (`EDUCATION_SERVICE_DISTRICT_NAME` ASC))
ENGINE = InnoDB;


-- -----------------------------------------------------
-- Table `OREGONASK`.`school_district`
-- -----------------------------------------------------
DROP TABLE IF EXISTS `OREGONASK`.`school_district` ;

CREATE TABLE IF NOT EXISTS `OREGONASK`.`school_district` (
  `SCHOOL_DISTRICT_ID` INT(10) UNSIGNED NOT NULL AUTO_INCREMENT,
  `SCHOOL_DISTRICT_NUMBER` VARCHAR(20) NOT NULL,
  `SCHOOL_DISTRICT_NAME` VARCHAR(45) NOT NULL,
  `EDUCATION_SERVICE_DISTRICT_ID` INT(10) UNSIGNED NULL,
  PRIMARY KEY (`SCHOOL_DISTRICT_ID`),
  UNIQUE INDEX `SCHOOL_DISTRICT_NUMBER_UNIQUE` (`SCHOOL_DISTRICT_NUMBER` ASC),
  UNIQUE INDEX `SCHOOL_DISTRICT_NAME_UNIQUE` (`SCHOOL_DISTRICT_NAME` ASC),
  INDEX `FK_SCHOOL_DISTRICT_EDUCATION_SERVICE_DISTRICT_idx` (`EDUCATION_SERVICE_DISTRICT_ID` ASC),
  CONSTRAINT `FK_SCHOOL_DISTRICT_EDUCATION_SERVICE_DISTRICT`
    FOREIGN KEY (`EDUCATION_SERVICE_DISTRICT_ID`)
    REFERENCES `OREGONASK`.`education_service_district` (`EDUCATION_SERVICE_DISTRICT_ID`)
    ON DELETE CASCADE
    ON UPDATE CASCADE)
ENGINE = InnoDB;


-- -----------------------------------------------------
-- Table `OREGONASK`.`ethnicity_count`
-- -----------------------------------------------------
DROP TABLE IF EXISTS `OREGONASK`.`ethnicity_count` ;

CREATE TABLE IF NOT EXISTS `OREGONASK`.`ethnicity_count` (
  `ETHNICITY_COUNT_ID` INT(10) UNSIGNED NOT NULL AUTO_INCREMENT,
  `ETHNICITY_COUNT_COUNT` INT(6) UNSIGNED NOT NULL,
  `ETHNICITY_COUNT_SCHOOL_YEAR` VARCHAR(45) NOT NULL,
  `ETHNICITY_ID` INT(10) UNSIGNED NOT NULL,
  PRIMARY KEY (`ETHNICITY_COUNT_ID`),
  INDEX `FK_ETHNICITY_idx` (`ETHNICITY_ID` ASC),
  CONSTRAINT `FK_ETHNICITY`
    FOREIGN KEY (`ETHNICITY_ID`)
    REFERENCES `OREGONASK`.`ethnicity` (`ETHNICITY_ID`)
    ON DELETE CASCADE
    ON UPDATE CASCADE)
ENGINE = InnoDB;


-- -----------------------------------------------------
-- Table `OREGONASK`.`school_district_ethnicity`
-- -----------------------------------------------------
DROP TABLE IF EXISTS `OREGONASK`.`school_district_ethnicity` ;

CREATE TABLE IF NOT EXISTS `OREGONASK`.`school_district_ethnicity` (
  `SCHOOL_DISTRICT_ID` INT(10) UNSIGNED NOT NULL,
  `ETHNICITY_COUNT_ID` INT(10) UNSIGNED NOT NULL,
  PRIMARY KEY (`SCHOOL_DISTRICT_ID`, `ETHNICITY_COUNT_ID`),
  INDEX `FK_ETHNICITY_COUNT_idx` (`ETHNICITY_COUNT_ID` ASC),
  CONSTRAINT `FK_SCHOOL_DISTRICT`
    FOREIGN KEY (`SCHOOL_DISTRICT_ID`)
    REFERENCES `OREGONASK`.`school_district` (`SCHOOL_DISTRICT_ID`)
    ON DELETE CASCADE
    ON UPDATE CASCADE,
  CONSTRAINT `FK_ETHNICITY_COUNT`
    FOREIGN KEY (`ETHNICITY_COUNT_ID`)
    REFERENCES `OREGONASK`.`ethnicity_count` (`ETHNICITY_COUNT_ID`)
    ON DELETE CASCADE
    ON UPDATE CASCADE)
ENGINE = InnoDB;


-- -----------------------------------------------------
-- Table `OREGONASK`.`county`
-- -----------------------------------------------------
DROP TABLE IF EXISTS `OREGONASK`.`county` ;

CREATE TABLE IF NOT EXISTS `OREGONASK`.`county` (
  `COUNTY_ID` INT(10) UNSIGNED NOT NULL AUTO_INCREMENT,
  `COUNTY_NAME` VARCHAR(45) NOT NULL,
  PRIMARY KEY (`COUNTY_ID`),
  UNIQUE INDEX `COUNTY_NAME_UNIQUE` (`COUNTY_NAME` ASC))
ENGINE = InnoDB;


-- -----------------------------------------------------
-- Table `OREGONASK`.`congressional_district`
-- -----------------------------------------------------
DROP TABLE IF EXISTS `OREGONASK`.`congressional_district` ;

CREATE TABLE IF NOT EXISTS `OREGONASK`.`congressional_district` (
  `CONGRESSIONAL_DISTRICT_ID` INT(10) UNSIGNED NOT NULL AUTO_INCREMENT,
  `CONGRESSIONAL_DISTRICT_NAME` VARCHAR(45) NOT NULL,
  PRIMARY KEY (`CONGRESSIONAL_DISTRICT_ID`),
  UNIQUE INDEX `CONGRESSIONAL_DISTRICT_NAME_UNIQUE` (`CONGRESSIONAL_DISTRICT_NAME` ASC))
ENGINE = InnoDB;


-- -----------------------------------------------------
-- Table `OREGONASK`.`location`
-- -----------------------------------------------------
DROP TABLE IF EXISTS `OREGONASK`.`location` ;

CREATE TABLE IF NOT EXISTS `OREGONASK`.`location` (
  `LOCATION_ID` INT(10) UNSIGNED NOT NULL AUTO_INCREMENT,
  `LOCATION_STREET` VARCHAR(45) NOT NULL,
  `LOCATION_CITY` VARCHAR(45) NOT NULL,
  `LOCATION_STATE` VARCHAR(2) NOT NULL,
  `LOCATION_ZIP` VARCHAR(5) NOT NULL,
  `SCHOOL_DISTRICT_ID` INT(10) UNSIGNED NOT NULL,
  `COUNTY_ID` INT(10) UNSIGNED NOT NULL,
  `CONGRESSIONAL_DISTRICT_ID` INT(10) UNSIGNED NOT NULL,
  PRIMARY KEY (`LOCATION_ID`),
  INDEX `FK_LOCATION_SCHOOL_DISTRICT_idx` (`SCHOOL_DISTRICT_ID` ASC),
  INDEX `FK_LOCATION_COUNTY_idx` (`COUNTY_ID` ASC),
  INDEX `FK_LOCATION_CONGRESSIONAL_DISTRCT_idx` (`CONGRESSIONAL_DISTRICT_ID` ASC),
  CONSTRAINT `FK_LOCATION_SCHOOL_DISTRICT`
    FOREIGN KEY (`SCHOOL_DISTRICT_ID`)
    REFERENCES `OREGONASK`.`school_district` (`SCHOOL_DISTRICT_ID`)
    ON DELETE CASCADE
    ON UPDATE CASCADE,
  CONSTRAINT `FK_LOCATION_COUNTY`
    FOREIGN KEY (`COUNTY_ID`)
    REFERENCES `OREGONASK`.`county` (`COUNTY_ID`)
    ON DELETE CASCADE
    ON UPDATE CASCADE,
  CONSTRAINT `FK_LOCATION_CONGRESSIONAL_DISTRCT`
    FOREIGN KEY (`CONGRESSIONAL_DISTRICT_ID`)
    REFERENCES `OREGONASK`.`congressional_district` (`CONGRESSIONAL_DISTRICT_ID`)
    ON DELETE CASCADE
    ON UPDATE CASCADE)
ENGINE = InnoDB;


-- -----------------------------------------------------
-- Table `OREGONASK`.`school`
-- -----------------------------------------------------
DROP TABLE IF EXISTS `OREGONASK`.`school` ;

CREATE TABLE IF NOT EXISTS `OREGONASK`.`school` (
  `SCHOOL_ID` INT(10) UNSIGNED NOT NULL AUTO_INCREMENT,
  `SCHOOL_CODE` INT(6) NOT NULL,
  `GRADE_LEVEL` VARCHAR(25) NULL,
  `LOCATION_ID` INT(10) UNSIGNED NOT NULL,
  PRIMARY KEY (`SCHOOL_ID`),
  UNIQUE INDEX `SCHOOL_CODE_UNIQUE` (`SCHOOL_CODE` ASC),
  INDEX `FK_SCHOOL_LOCATION_idx` (`LOCATION_ID` ASC),
  CONSTRAINT `FK_SCHOOL_LOCATION`
    FOREIGN KEY (`LOCATION_ID`)
    REFERENCES `OREGONASK`.`location` (`LOCATION_ID`)
    ON DELETE CASCADE
    ON UPDATE CASCADE)
ENGINE = InnoDB;


-- -----------------------------------------------------
-- Table `OREGONASK`.`active_date`
-- -----------------------------------------------------
DROP TABLE IF EXISTS `OREGONASK`.`active_date` ;

CREATE TABLE IF NOT EXISTS `OREGONASK`.`active_date` (
  `ACTIVE_DATE_ID` INT(10) UNSIGNED NOT NULL AUTO_INCREMENT,
  `ACTIVE_JANUARY` TINYINT(1) NOT NULL DEFAULT 0,
  `ACTIVE_FEBRUARY` TINYINT(1) NOT NULL DEFAULT 0,
  `ACTIVE_MARCH` TINYINT(1) NOT NULL DEFAULT 0,
  `ACTIVE_APRIL` TINYINT(1) NOT NULL DEFAULT 0,
  `ACTIVE_MAY` TINYINT(1) NOT NULL DEFAULT 0,
  `ACTIVE_JUNE` TINYINT(1) NOT NULL DEFAULT 0,
  `ACTIVE_JULY` TINYINT(1) NOT NULL DEFAULT 0,
  `ACTIVE_AUGUST` TINYINT(1) NOT NULL DEFAULT 0,
  `ACTIVE_SEPTEMBER` TINYINT(1) NOT NULL DEFAULT 0,
  `ACTIVE_OCTOBER` TINYINT(1) NOT NULL DEFAULT 0,
  `ACTIVE_NOVEMBER` TINYINT(1) NOT NULL DEFAULT 0,
  `ACTIVE_DECEMBER` TINYINT(1) NOT NULL DEFAULT 0,
  PRIMARY KEY (`ACTIVE_DATE_ID`))
ENGINE = InnoDB;


-- -----------------------------------------------------
-- Table `OREGONASK`.`program_type`
-- -----------------------------------------------------
DROP TABLE IF EXISTS `OREGONASK`.`program_type` ;

CREATE TABLE IF NOT EXISTS `OREGONASK`.`program_type` (
  `PROGRAM_TYPE_ID` INT(10) UNSIGNED NOT NULL AUTO_INCREMENT,
  `PROGRAM_TYPE_NAME` VARCHAR(45) NOT NULL,
  `PROGRAM_TYPE_DESCRIPTION` VARCHAR(200) NOT NULL DEFAULT 'None',
  `PROGRAM_TYPE_FOOD_NUMBER` VARCHAR(25) NOT NULL DEFAULT 'None',
  PRIMARY KEY (`PROGRAM_TYPE_ID`),
  UNIQUE INDEX `PROGRAM_TYPE_NAME_UNIQUE` (`PROGRAM_TYPE_NAME` ASC))
ENGINE = InnoDB;


-- -----------------------------------------------------
-- Table `OREGONASK`.`program`
-- -----------------------------------------------------
DROP TABLE IF EXISTS `OREGONASK`.`program` ;

CREATE TABLE IF NOT EXISTS `OREGONASK`.`program` (
  `PROGRAM_ID` INT(10) UNSIGNED NOT NULL AUTO_INCREMENT,
  `PROGRAM_NAME` VARCHAR(45) NOT NULL,
  `PROGRAM_DESCRIPTION` VARCHAR(200) NOT NULL DEFAULT 'None',
  `PROGRAM_HOURS` VARCHAR(45) NOT NULL DEFAULT 'None',
  `PROGRAM_LICENSE_NUMBER` VARCHAR(25) NOT NULL DEFAULT 'None',
  `PROGRAM_OCC_NUMBER` VARCHAR(25) NOT NULL DEFAULT 'None',
  `PROGRAM_TYPE_ID` INT(10) UNSIGNED NOT NULL,
  `PROVIDER_ID` INT(10) UNSIGNED NOT NULL,
  `ACTIVE_DATE_ID` INT(10) UNSIGNED NOT NULL,
  PRIMARY KEY (`PROGRAM_ID`),
  UNIQUE INDEX `PROGRAM_NAME_UNIQUE` (`PROGRAM_NAME` ASC),
  INDEX `FK_PROGRAM_PROVIDER_idx` (`PROVIDER_ID` ASC),
  INDEX `FK_PROGRAM_ACTIVE_DATE_idx` (`ACTIVE_DATE_ID` ASC),
  INDEX `FK_PROGRAM_TYPE_idx` (`PROGRAM_TYPE_ID` ASC),
  CONSTRAINT `FK_PROGRAM_PROVIDER`
    FOREIGN KEY (`PROVIDER_ID`)
    REFERENCES `OREGONASK`.`provider` (`PROVIDER_ID`)
    ON DELETE CASCADE
    ON UPDATE CASCADE,
  CONSTRAINT `FK_PROGRAM_ACTIVE_DATE`
    FOREIGN KEY (`ACTIVE_DATE_ID`)
    REFERENCES `OREGONASK`.`active_date` (`ACTIVE_DATE_ID`)
    ON DELETE CASCADE
    ON UPDATE CASCADE,
  CONSTRAINT `FK_PROGRAM_TYPE`
    FOREIGN KEY (`PROGRAM_TYPE_ID`)
    REFERENCES `OREGONASK`.`program_type` (`PROGRAM_TYPE_ID`)
    ON DELETE CASCADE
    ON UPDATE CASCADE)
ENGINE = InnoDB;


-- -----------------------------------------------------
-- Table `OREGONASK`.`program_location`
-- -----------------------------------------------------
DROP TABLE IF EXISTS `OREGONASK`.`program_location` ;

CREATE TABLE IF NOT EXISTS `OREGONASK`.`program_location` (
  `PROGRAM_ID` INT(10) UNSIGNED NOT NULL,
  `LOCATION_ID` INT(10) UNSIGNED NOT NULL,
  PRIMARY KEY (`PROGRAM_ID`, `LOCATION_ID`),
  INDEX `FK_LOCATION_idx` (`LOCATION_ID` ASC),
  CONSTRAINT `FK_PROGRAM_LOCATION`
    FOREIGN KEY (`PROGRAM_ID`)
    REFERENCES `OREGONASK`.`program` (`PROGRAM_ID`)
    ON DELETE CASCADE
    ON UPDATE CASCADE,
  CONSTRAINT `FK_LOCATION_PROGRAM`
    FOREIGN KEY (`LOCATION_ID`)
    REFERENCES `OREGONASK`.`location` (`LOCATION_ID`)
    ON DELETE CASCADE
    ON UPDATE CASCADE)
ENGINE = InnoDB;


-- -----------------------------------------------------
-- Table `OREGONASK`.`school_program`
-- -----------------------------------------------------
DROP TABLE IF EXISTS `OREGONASK`.`school_program` ;

CREATE TABLE IF NOT EXISTS `OREGONASK`.`school_program` (
  `SCHOOL_ID` INT(10) UNSIGNED NOT NULL,
  `PROGRAM_ID` INT(10) UNSIGNED NOT NULL,
  PRIMARY KEY (`SCHOOL_ID`, `PROGRAM_ID`),
  INDEX `FK_SCHOOL_PROGRAM_PROGRAM_idx` (`PROGRAM_ID` ASC),
  CONSTRAINT `FK_SCHOOL_PROGRAM_SCHOOL`
    FOREIGN KEY (`SCHOOL_ID`)
    REFERENCES `OREGONASK`.`school` (`SCHOOL_ID`)
    ON DELETE CASCADE
    ON UPDATE CASCADE,
  CONSTRAINT `FK_SCHOOL_PROGRAM_PROGRAM`
    FOREIGN KEY (`PROGRAM_ID`)
    REFERENCES `OREGONASK`.`program` (`PROGRAM_ID`)
    ON DELETE CASCADE
    ON UPDATE CASCADE)
ENGINE = InnoDB;


-- -----------------------------------------------------
-- Table `OREGONASK`.`kids_served`
-- -----------------------------------------------------
DROP TABLE IF EXISTS `OREGONASK`.`kids_served` ;

CREATE TABLE IF NOT EXISTS `OREGONASK`.`kids_served` (
  `KIDS_SERVED_ID` INT(10) UNSIGNED NOT NULL AUTO_INCREMENT,
  `KIDS_SERVED_COUNT` INT(6) UNSIGNED NOT NULL,
  PRIMARY KEY (`KIDS_SERVED_ID`))
ENGINE = InnoDB;


-- -----------------------------------------------------
-- Table `OREGONASK`.`kids_program`
-- -----------------------------------------------------
DROP TABLE IF EXISTS `OREGONASK`.`kids_program` ;

CREATE TABLE IF NOT EXISTS `OREGONASK`.`kids_program` (
  `KIDS_SERVED_ID` INT(10) UNSIGNED NOT NULL,
  `PROGRAM_ID` INT(10) UNSIGNED NOT NULL,
  PRIMARY KEY (`KIDS_SERVED_ID`, `PROGRAM_ID`),
  INDEX `FK_PROGRAM_KIDS_SERVED_idx` (`PROGRAM_ID` ASC),
  CONSTRAINT `FK_KIDS_SERVED`
    FOREIGN KEY (`KIDS_SERVED_ID`)
    REFERENCES `OREGONASK`.`kids_served` (`KIDS_SERVED_ID`)
    ON DELETE CASCADE
    ON UPDATE CASCADE,
  CONSTRAINT `FK_PROGRAM_KIDS_SERVED`
    FOREIGN KEY (`PROGRAM_ID`)
    REFERENCES `OREGONASK`.`program` (`PROGRAM_ID`)
    ON DELETE CASCADE
    ON UPDATE CASCADE)
ENGINE = InnoDB;


-- -----------------------------------------------------
-- Table `OREGONASK`.`grade_count`
-- -----------------------------------------------------
DROP TABLE IF EXISTS `OREGONASK`.`grade_count` ;

CREATE TABLE IF NOT EXISTS `OREGONASK`.`grade_count` (
  `GRADE_COUNT_ID` INT(10) UNSIGNED NOT NULL AUTO_INCREMENT,
  `GRADE_COUNT_COUNT` INT(6) UNSIGNED NOT NULL,
  `GRADE_COUNT_GRADE` VARCHAR(25) NOT NULL,
  PRIMARY KEY (`GRADE_COUNT_ID`))
ENGINE = InnoDB;


-- -----------------------------------------------------
-- Table `OREGONASK`.`school_district_grade_count`
-- -----------------------------------------------------
DROP TABLE IF EXISTS `OREGONASK`.`school_district_grade_count` ;

CREATE TABLE IF NOT EXISTS `OREGONASK`.`school_district_grade_count` (
  `SCHOOL_DISTRICT_ID` INT(10) UNSIGNED NOT NULL,
  `GRADE_COUNT_ID` INT(10) UNSIGNED NOT NULL,
  PRIMARY KEY (`SCHOOL_DISTRICT_ID`, `GRADE_COUNT_ID`),
  INDEX `FK_SCHOOL_DISTRICT_GRADE_COUNT_idx` (`GRADE_COUNT_ID` ASC),
  CONSTRAINT `FK_GRADE_COUNT_SCHOOL_DISTRICT`
    FOREIGN KEY (`SCHOOL_DISTRICT_ID`)
    REFERENCES `OREGONASK`.`school_district` (`SCHOOL_DISTRICT_ID`)
    ON DELETE CASCADE
    ON UPDATE CASCADE,
  CONSTRAINT `FK_SCHOOL_DISTRICT_GRADE_COUNT`
    FOREIGN KEY (`GRADE_COUNT_ID`)
    REFERENCES `OREGONASK`.`grade_count` (`GRADE_COUNT_ID`)
    ON DELETE CASCADE
    ON UPDATE CASCADE)
ENGINE = InnoDB;


-- -----------------------------------------------------
-- Table `OREGONASK`.`student_count`
-- -----------------------------------------------------
DROP TABLE IF EXISTS `OREGONASK`.`student_count` ;

CREATE TABLE IF NOT EXISTS `OREGONASK`.`student_count` (
  `STUDENT_COUNT_ID` INT(10) NOT NULL AUTO_INCREMENT,
  `STUDENT_COUNT_COUNT` INT(6) UNSIGNED NOT NULL,
  `STUDENT_COUNT_SCHOOL_YEAR` VARCHAR(25) NOT NULL,
  PRIMARY KEY (`STUDENT_COUNT_ID`))
ENGINE = InnoDB;


-- -----------------------------------------------------
-- Table `OREGONASK`.`school_student`
-- -----------------------------------------------------
DROP TABLE IF EXISTS `OREGONASK`.`school_student` ;

CREATE TABLE IF NOT EXISTS `OREGONASK`.`school_student` (
  `SCHOOL_ID` INT(10) NOT NULL,
  `STUDENT_COUNT_ID` INT(10) NOT NULL,
  PRIMARY KEY (`SCHOOL_ID`, `STUDENT_COUNT_ID`),
  INDEX `FK_SCHOOL_STUDENT_COUNT_idx` (`STUDENT_COUNT_ID` ASC),
  CONSTRAINT `FK_STUDENT_COUNT_SCHOOL`
    FOREIGN KEY (`SCHOOL_ID`)
    REFERENCES `OREGONASK`.`school` (`SCHOOL_CODE`)
    ON DELETE CASCADE
    ON UPDATE CASCADE,
  CONSTRAINT `FK_SCHOOL_STUDENT_COUNT`
    FOREIGN KEY (`STUDENT_COUNT_ID`)
    REFERENCES `OREGONASK`.`student_count` (`STUDENT_COUNT_ID`)
    ON DELETE CASCADE
    ON UPDATE CASCADE)
ENGINE = InnoDB;


-- -----------------------------------------------------
-- Insert statements for Table `OREGONASK`.`provider`
-- -----------------------------------------------------
INSERT INTO `OREGONASK`.`provider` (
  PROVIDER_NAME, PROVIDER_STREET, PROVIDER_CITY,
  PROVIDER_STATE, PROVIDER_ZIP, PROVIDER_PHONE
) VALUES (
  'Test Provider 1', 'Test Street 1', 'Test City 1',
  'OR', '97070', '5035551212'
),
(
  'Test Provider 2', 'Test Street 2', 'Test City 2',
  'OR', '97070', '5035551212'
),
(
  'Test Provider 3', 'Test Street 3', 'Test City 3',
  'OR', '97070', '5035551212'
);


-- -----------------------------------------------------
-- Insert statements for Table `OREGONASK`.`program`
-- -----------------------------------------------------
INSERT INTO `OREGONASK`.`program` (
  PROGRAM_NAME, PROGRAM_DESCRIPTION, PROGRAM_HOURS,
  PROGRAM_LICENSE_NUMBER, PROGRAM_OCC_NUMBER,
  PROGRAM_TYPE_ID, PROVIDER_ID, ACTIVE_DATE_ID
) VALUES (
  'Test Program 1', 'Test Description 1', '9am - 5pm',
  '1A1A1A', '1B1B1B',
  1, 1, 1
),
(
  'Test Program 2', 'Test Description 2', '9am - 5pm',
  '2B2B2B', '2C2C2C',
  2, 2, 2
),
(
  'Test Program 3', 'Test Description 3', '9am - 5pm',
  '3C3C3C', '3D3D3D',
  3, 3, 3
);


-- -----------------------------------------------------
-- Insert statements for Table `OREGONASK`.`location`
-- -----------------------------------------------------
INSERT INTO `OREGONASK`.`location` (
  LOCATION_STREET, LOCATION_CITY, LOCATION_STATE,
  LOCATION_ZIP, SCHOOL_DISTRICT_ID, COUNTY_ID,
  CONGRESSIONAL_DISTRICT_ID
) VALUES (
  'Test Street 1', 'Test City 1', 'OR',
  '97070', 1, 1,
  1
),
(
  'Test Street 2', 'Test City 2', 'OR',
  '97070', 2, 2,
  2
),
(
  'Test Street 3', 'Test City 3', 'OR',
  '97070', 3, 3,
  3
);


-- -----------------------------------------------------
-- Insert statements for Table `OREGONASK`.`program_location`
-- -----------------------------------------------------
INSERT INTO `OREGONASK`.`program_location` (
  PROGRAM_ID, LOCATION_ID
) VALUES (
  1, 1
),
(
  2, 2
),
(
  3, 3
);


-- -----------------------------------------------------
-- Insert statements for Table `OREGONASK`.`county`
-- -----------------------------------------------------
INSERT INTO `OREGONASK`.`county` (
  COUNTY_NAME
) VALUES (
  'Test County 1'
),
(
  'Test County 2'
),
(
  'Test County 3'
);


-- -----------------------------------------------------
-- Insert statements for Table `OREGONASK`.`school_district`
-- -----------------------------------------------------
INSERT INTO `OREGONASK`.`school_district` (
  SCHOOL_DISTRICT_NUMBER, SCHOOL_DISTRICT_NAME,
  EDUCATION_SERVICE_DISTRICT_ID
) VALUES (
  '11111', 'Test School District 1', 1
),
(
  '22222', 'Test School District 2', 2
),
(
  '33333', 'Test School District 3', 3
);


-- -----------------------------------------------------
-- Insert statements for Table `OREGONASK`.`education_service_district`
-- -----------------------------------------------------
INSERT INTO `OREGONASK`.`education_service_district` (
  EDUCATION_SERVICE_DISTRICT_NAME
) VALUES (
  'Test Education Service District 1'
),
(
  'Test Education Service District 2'
),
(
  'Test Education Service District 3'
);


-- -----------------------------------------------------
-- Insert statements for Table `OREGONASK`.`school`
-- -----------------------------------------------------
INSERT INTO `OREGONASK`.`school` (
  SCHOOL_CODE, GRADE_LEVEL, LOCATION_ID
) VALUES (
  11111, 'k-12', 1
),
(
  22222, 'k-12', 2
),
(
  33333, 'k-12', 3
);


-- -----------------------------------------------------
-- Insert statements for Table `OREGONASK`.`school_program`
-- -----------------------------------------------------
INSERT INTO `OREGONASK`.`school_program` (
  SCHOOL_ID, PROGRAM_ID
) VALUES (
  1, 1
),
(
  2, 2
),
(
  3, 3
);


-- -----------------------------------------------------
-- Insert statements for Table `OREGONASK`.`ethnicity_count`
-- -----------------------------------------------------
INSERT INTO `OREGONASK`.`ethnicity_count` (
  ETHNICITY_COUNT_COUNT, ETHNICITY_COUNT_SCHOOL_YEAR,
  ETHNICITY_ID
) VALUES (
  11111, '2011', 1
),
(
  22222, '2012', 2
),
(
  33333, '2013', 3
);


-- -----------------------------------------------------
-- Insert statements for Table `OREGONASK`.`school_district_ethnicity`
-- -----------------------------------------------------
INSERT INTO `OREGONASK`.`school_district_ethnicity` (
  SCHOOL_DISTRICT_ID, ETHNICITY_COUNT_ID
) VALUES (
  1, 1
),
(
  2, 2
),
(
  3, 3
);


-- -----------------------------------------------------
-- Insert statements for Table `OREGONASK`.`ethnicity`
-- -----------------------------------------------------
INSERT INTO `OREGONASK`.`ethnicity` (
  ETHNICITY_CATEGORY
) VALUES (
  'Test Ethnicity 1'
),
(
  'Test Ethnicity 2'
),
(
  'Test Ethnicity 3'
);


-- -----------------------------------------------------
-- Insert statements for Table `OREGONASK`.`grade_count`
-- -----------------------------------------------------
INSERT INTO `OREGONASK`.`grade_count` (
  GRADE_COUNT_COUNT, GRADE_COUNT_GRADE
) VALUES (
  111111, '6th Grade'
),
(
  222222, '7th Grade'
),
(
  333333, '8th Grade'
);


-- -----------------------------------------------------
-- Insert statements for Table `OREGONASK`.`school_district_grade_count`
-- -----------------------------------------------------
INSERT INTO `OREGONASK`.`school_district_grade_count` (
  SCHOOL_DISTRICT_ID, GRADE_COUNT_ID
) VALUES (
  1, 1
),
(
  2, 2
),
(
  3, 3
);


-- -----------------------------------------------------
-- Insert statements for Table `OREGONASK`.`student_count`
-- -----------------------------------------------------
INSERT INTO `OREGONASK`.`student_count` (
  STUDENT_COUNT_COUNT, STUDENT_COUNT_SCHOOL_YEAR
) VALUES (
  111111, '2014'
),
(
  222222, '2014'
),
(
  333333, '2014'
);


-- -----------------------------------------------------
-- Insert statements for Table `OREGONASK`.`school_student`
-- -----------------------------------------------------
INSERT INTO `OREGONASK`.`school_student` (
  SCHOOL_ID, STUDENT_COUNT_ID
) VALUES (
  1, 1
),
(
  2, 2
),
(
  3, 3
);


-- -----------------------------------------------------
-- Insert statements for Table `OREGONASK`.`program_type`
-- -----------------------------------------------------
INSERT INTO `OREGONASK`.`program_type` (
  PROGRAM_TYPE_NAME, PROGRAM_TYPE_DESCRIPTION,
  PROGRAM_TYPE_FOOD_NUMBER
) VALUES (
  'Test Program Type 1', 'Test Program Type Description 1',
  'FOOD NUMBER 1'
),
(
  'Test Program Type 2', 'Test Program Type Description 2',
  ''
),
(
  'Test Program Type 3', 'Test Program Type Description 3',
  'FOOD NUMBER 3'
);


-- -----------------------------------------------------
-- Insert statements for Table `OREGONASK`.`active_date`
-- -----------------------------------------------------
INSERT INTO `OREGONASK`.`active_date` (
  ACTIVE_JANUARY, ACTIVE_FEBRUARY, ACTIVE_MARCH,
  ACTIVE_APRIL, ACTIVE_MAY, ACTIVE_JUNE,
  ACTIVE_JULY, ACTIVE_AUGUST, ACTIVE_SEPTEMBER,
  ACTIVE_OCTOBER, ACTIVE_NOVEMBER, ACTIVE_DECEMBER
) VALUES (
  1, 1, 1,
  1, 1, 1,
  0, 0, 0,
  0, 0, 0
),
(
  0, 0, 0,
  0, 0, 0,
  1, 1, 1,
  1, 1, 1
),
(
  0, 0, 0,
  1, 1, 1,
  1, 1, 1,
  0, 0, 0
);


-- -----------------------------------------------------
-- Insert statements for Table `OREGONASK`.`kids_served`
-- -----------------------------------------------------
INSERT INTO `OREGONASK`.`kids_served` (
  KIDS_SERVED_COUNT
) VALUES (
  100
),
(
  200
),
(
 300
);


-- -----------------------------------------------------
-- Insert statements for Table `OREGONASK`.`kids_program`
-- -----------------------------------------------------
INSERT INTO `OREGONASK`.`kids_program` (
  KIDS_SERVED_ID, PROGRAM_ID
) VALUES (
  1, 1
),
(
  2, 2
),
(
  3, 3
);


-- -----------------------------------------------------
-- Insert statements for Table `OREGONASK`.`congressional_district`
-- -----------------------------------------------------
INSERT INTO `OREGONASK`.`congressional_district` (
  CONGRESSIONAL_DISTRICT_NAME
) VALUES (
  'Test Congressional District 1'
),
(
  'Test Congressional District 2'
),
(
  'Test Congressional District 3'
);



SET SQL_MODE = '';
GRANT USAGE ON *.* TO user1;
 DROP USER user1;
SET SQL_MODE='TRADITIONAL,ALLOW_INVALID_DATES';
CREATE USER 'user1';


SET SQL_MODE=@OLD_SQL_MODE;
SET FOREIGN_KEY_CHECKS=@OLD_FOREIGN_KEY_CHECKS;
SET UNIQUE_CHECKS=@OLD_UNIQUE_CHECKS;
